Undergrad,Taxable.Income,City.Population,Work.Experience,Urban,Measure,Marital.Status_Divorced,Marital.Status_Married,Marital.Status_Single
0,68833,50047,10,1,Good,False,False,True
1,33700,134075,18,1,Good,True,False,False
0,36925,160205,30,1,Good,False,True,False
1,50190,193264,15,1,Good,False,False,True
0,81002,27533,28,0,Good,False,True,False
0,33329,116382,0,0,Good,True,False,False
0,83357,80890,8,1,Good,True,False,False
1,62774,131253,3,1,Good,False,False,True
0,83519,102481,12,1,Good,False,False,True
1,98152,155482,4,1,Good,True,False,False
0,29732,102602,19,1,Risky,False,False,True
0,61063,94875,6,1,Good,False,False,True
0,11794,148033,14,1,Risky,True,False,False
0,61830,86649,16,1,Good,False,True,False
0,64070,57529,13,1,Good,False,True,False
0,69869,107764,29,0,Good,True,False,False
1,24987,34551,29,0,Risky,True,False,False
1,39476,57194,25,0,Good,False,True,False
1,97957,59269,6,0,Good,True,False,False
0,10987,126953,30,1,Risky,False,False,True
1,88636,147222,26,0,Good,False,False,True
1,14310,29106,7,1,Risky,True,False,False
1,78969,155342,14,0,Good,True,False,False
0,92040,50495,12,1,Good,False,False,True
0,38239,28495,30,0,Good,True,False,False
0,31417,124606,27,1,Good,True,False,False
1,55299,169128,15,0,Good,True,False,False
1,87778,28542,12,1,Good,False,False,True
1,10379,128766,5,1,Risky,False,False,True
1,94033,41863,30,1,Good,True,False,False
1,73854,117788,0,1,Good,True,False,False
0,64007,147414,21,0,Good,True,False,False
1,97200,51911,23,0,Good,False,True,False
1,82071,157251,21,0,Good,False,False,True
1,12514,183767,1,1,Risky,True,False,False
1,31336,41117,30,1,Good,False,True,False
1,10163,193995,5,1,Risky,False,True,False
0,68513,66912,5,1,Good,False,True,False
0,14912,177575,3,0,Risky,False,False,True
0,74010,54981,16,1,Good,False,True,False
0,50777,199697,26,1,Good,False,False,True
1,49436,91524,1,0,Good,False,True,False
0,96485,51666,12,0,Good,False,False,True
1,70339,50020,10,0,Good,True,False,False
1,33614,98880,22,0,Good,True,False,False
1,81079,183095,14,1,Good,False,True,False
1,31532,137346,27,1,Good,False,True,False
1,44034,34964,2,0,Good,False,False,True
0,16264,35480,12,0,Risky,False,True,False
0,45706,160195,15,1,Good,True,False,False
1,79616,145804,3,1,Good,False,False,True
1,40137,174042,30,0,Good,False,False,True
0,97703,91828,23,0,Good,False,False,True
1,21917,139143,7,1,Risky,False,False,True
0,81939,98207,23,0,Good,True,False,False
1,19925,89965,16,1,Risky,False,False,True
0,34703,69832,25,1,Good,False,True,False
0,78573,70744,13,0,Good,False,False,True
1,10870,158047,15,0,Risky,False,False,True
0,65065,102228,11,0,Good,False,False,True
1,94418,91138,23,0,Good,False,True,False
1,26972,86169,8,0,Risky,False,True,False
0,91684,147684,13,1,Good,True,False,False
1,51685,95831,9,0,Good,True,False,False
1,62158,118261,15,0,Good,False,False,True
0,58312,194738,29,0,Good,True,False,False
1,42507,66985,12,1,Good,False,True,False
1,61486,173986,24,0,Good,False,True,False
0,10150,139642,5,0,Risky,False,False,True
1,99619,86896,29,0,Good,False,False,True
1,89302,80904,3,1,Good,True,False,False
0,94287,105680,22,0,Good,False,False,True
1,41344,108300,27,1,Good,True,False,False
1,41382,174789,2,1,Good,False,False,True
0,32434,182319,17,0,Good,True,False,False
0,61105,50404,19,1,Good,False,True,False
1,67628,129164,11,0,Good,False,True,False
1,31458,118344,26,0,Good,False,True,False
1,73411,143153,0,0,Good,True,False,False
0,10329,140885,7,1,Risky,True,False,False
0,44947,28184,26,0,Good,False,True,False
1,35610,121608,24,0,Good,True,False,False
0,66564,111068,26,1,Good,True,False,False
0,87348,73963,18,1,Good,True,False,False
0,69098,178083,4,1,Good,False,True,False
1,28449,125155,12,1,Risky,True,False,False
1,39277,97520,29,1,Good,True,False,False
1,13747,64075,23,0,Risky,False,False,True
0,86652,63896,24,1,Good,False,True,False
1,26741,176050,20,0,Risky,False,True,False
0,77634,101232,29,0,Good,True,False,False
1,99325,73733,10,1,Good,False,True,False
0,85651,114621,13,0,Good,True,False,False
1,15296,137676,3,1,Risky,False,True,False
0,10348,122705,6,1,Risky,False,False,True
1,41395,121498,28,1,Good,False,False,True
0,22258,63622,17,0,Risky,False,False,True
1,79583,37849,19,1,Good,True,False,False
1,22187,77053,18,1,Risky,False,True,False
0,52495,114350,12,0,Good,False,True,False
1,93078,46444,25,0,Good,False,False,True
1,35072,50490,20,1,Good,False,True,False
1,32662,91488,23,0,Good,True,False,False
0,89250,76318,5,1,Good,True,False,False
0,41641,174423,14,0,Good,False,False,True
0,55873,46893,15,0,Good,False,False,True
1,19169,58535,20,1,Risky,False,False,True
0,46629,52424,6,1,Good,False,True,False
1,51927,120894,10,1,Good,False,True,False
1,69224,178585,8,1,Good,False,True,False
0,24557,32450,19,1,Risky,False,False,True
0,77762,164526,11,1,Good,False,False,True
1,96355,193038,26,1,Good,False,False,True
1,90910,100347,7,1,Good,False,True,False
0,21945,197934,7,0,Risky,False,False,True
1,79357,78251,21,1,Good,True,False,False
0,42784,132570,12,0,Good,False,True,False
0,54638,96370,29,1,Good,False,False,True
0,29944,199174,10,0,Risky,True,False,False
0,97318,47202,30,1,Good,True,False,False
1,52022,135886,11,1,Good,False,False,True
1,20391,86648,16,1,Risky,False,True,False
1,21016,140762,26,0,Risky,False,True,False
1,26679,79683,26,0,Risky,False,True,False
1,70682,139324,13,0,Good,True,False,False
1,87326,155669,11,0,Good,True,False,False
1,15853,195022,3,1,Risky,True,False,False
0,75501,93035,28,1,Good,False,False,True
0,97984,100897,27,1,Good,False,True,False
1,53378,65469,26,0,Good,False,False,True
1,93458,87730,7,1,Good,False,False,True
1,56501,174321,16,1,Good,False,False,True
0,46955,67820,12,0,Good,True,False,False
0,33492,86646,14,1,Good,False,False,True
1,35832,190365,28,0,Good,False,True,False
1,12470,75323,19,1,Risky,True,False,False
0,53981,53513,9,0,Good,True,False,False
1,22773,115884,6,0,Risky,False,False,True
0,84691,155335,25,0,Good,False,False,True
1,50087,86904,20,0,Good,True,False,False
1,27877,93390,4,1,Risky,False,True,False
1,56647,194364,23,1,Good,False,True,False
0,59419,122654,26,1,Good,False,False,True
1,26783,154013,11,0,Risky,False,False,True
1,79453,156503,29,1,Good,False,False,True
0,33962,197422,2,1,Good,True,False,False
0,84429,57931,28,1,Good,True,False,False
1,63057,163252,28,0,Good,True,False,False
0,43128,197038,21,0,Good,False,True,False
0,40220,49505,25,0,Good,False,False,True
0,79700,161759,28,0,Good,False,True,False
0,67083,109110,10,0,Good,False,False,True
0,22054,91889,16,0,Risky,False,False,True
1,18192,114841,28,0,Risky,True,False,False
0,25222,82520,29,1,Risky,False,False,True
1,58635,139624,7,0,Good,False,False,True
1,39114,125987,3,1,Good,False,True,False
1,48738,115631,5,0,Good,False,True,False
0,28496,163347,11,0,Risky,True,False,False
1,62209,28504,1,0,Good,False,False,True
1,87677,79972,0,1,Good,True,False,False
1,93659,185596,30,1,Good,False,True,False
1,56503,177468,21,1,Good,False,True,False
1,27081,91851,15,1,Risky,True,False,False
1,48779,153192,28,0,Good,False,False,True
1,91304,38463,23,1,Good,False,True,False
0,49520,73466,22,1,Good,False,True,False
0,41117,194381,25,0,Good,False,True,False
0,18199,167629,30,0,Risky,True,False,False
1,76992,76933,6,1,Good,False,False,True
0,98588,143402,10,0,Good,True,False,False
1,20719,103614,24,0,Risky,False,True,False
0,13068,52819,23,1,Risky,False,True,False
1,84835,105110,16,1,Good,False,False,True
1,44795,149857,8,0,Good,False,False,True
1,39052,57055,13,0,Good,False,False,True
0,38704,75169,28,0,Good,False,True,False
0,98416,31156,13,1,Good,False,True,False
0,86958,85832,15,1,Good,False,False,True
1,29222,192451,22,1,Risky,False,True,False
1,71357,149101,19,0,Good,False,False,True
0,29543,36116,20,0,Risky,True,False,False
0,23855,89632,4,1,Risky,True,False,False
0,84836,39523,30,1,Good,False,False,True
0,93307,70138,15,1,Good,True,False,False
0,64614,92975,0,1,Good,False,True,False
0,72949,166976,19,1,Good,False,True,False
0,79211,59558,5,1,Good,False,False,True
0,28707,137569,10,0,Risky,True,False,False
1,83229,189301,11,1,Good,False,True,False
0,73620,90459,19,0,Good,False,False,True
0,70819,176341,7,1,Good,False,False,True
1,48313,126556,10,1,Good,False,True,False
1,37481,198213,25,0,Good,False,True,False
1,20851,103981,28,0,Risky,False,False,True
1,86079,181370,13,1,Good,False,False,True
1,10933,28410,21,0,Risky,False,True,False
0,66905,98056,4,1,Good,False,False,True
0,36890,48025,28,1,Good,False,False,True
1,19060,145744,9,1,Risky,False,True,False
1,61906,162777,17,1,Good,False,False,True
1,31088,58225,27,1,Good,True,False,False
1,70365,28661,0,1,Good,False,False,True
1,56536,117260,4,0,Good,True,False,False
0,16992,173091,14,0,Risky,False,True,False
0,14300,131906,20,1,Risky,False,True,False
1,51914,52227,16,1,Good,False,False,True
1,12083,138108,28,0,Risky,False,True,False
1,71376,141502,3,0,Good,False,False,True
1,99307,186239,25,1,Good,False,False,True
1,35200,125993,13,1,Good,False,False,True
1,70812,57194,8,1,Good,False,True,False
1,62067,112659,14,0,Good,True,False,False
1,62365,107069,13,0,Good,False,False,True
0,80618,140159,16,0,Good,True,False,False
0,52891,28576,22,0,Good,True,False,False
0,31409,85128,22,0,Good,True,False,False
1,81790,179220,19,1,Good,True,False,False
0,57794,38091,19,0,Good,False,True,False
1,20604,26814,9,0,Risky,True,False,False
1,83459,115168,30,0,Good,True,False,False
1,43051,134135,14,0,Good,False,False,True
1,68911,168248,27,0,Good,True,False,False
1,38374,192297,17,1,Good,False,True,False
0,86784,55717,25,1,Good,False,True,False
1,42488,125883,0,1,Good,False,False,True
0,35922,77719,28,0,Good,False,False,True
1,46610,182921,17,1,Good,False,False,True
0,28764,100696,9,1,Risky,False,True,False
0,75170,35780,10,0,Good,False,True,False
0,24370,81593,14,1,Risky,False,True,False
1,84083,153147,2,0,Good,False,False,True
1,11784,150349,2,0,Risky,False,True,False
0,10003,63701,19,1,Risky,False,True,False
0,98970,102498,14,0,Good,False,False,True
0,77735,87541,9,0,Good,True,False,False
1,46070,193193,3,0,Good,False,True,False
0,27143,128996,3,1,Risky,False,True,False
1,56974,72968,9,1,Good,False,False,True
0,99109,76145,26,0,Good,True,False,False
0,32603,139146,30,1,Good,False,False,True
1,24215,31377,18,1,Risky,False,False,True
0,33092,84368,2,1,Good,True,False,False
0,71297,181549,10,1,Good,True,False,False
1,68268,154647,27,0,Good,False,False,True
0,33810,183221,24,0,Good,False,False,True
1,49995,38139,25,0,Good,False,False,True
1,11865,108245,1,0,Risky,True,False,False
0,28904,105374,17,1,Risky,False,False,True
1,39144,35376,0,1,Good,False,False,True
0,31591,156973,16,0,Good,False,True,False
1,30167,173228,7,0,Good,False,False,True
0,72382,40855,28,1,Good,False,False,True
1,79869,77256,29,0,Good,False,False,True
0,70526,193263,26,0,Good,True,False,False
1,38143,170030,8,0,Good,False,True,False
1,70298,168568,14,0,Good,False,True,False
1,54747,31611,17,1,Good,False,True,False
0,92997,74119,28,1,Good,True,False,False
0,24347,197841,7,0,Risky,False,True,False
1,57445,92333,28,0,Good,False,False,True
0,70645,68788,7,1,Good,False,False,True
0,69540,120415,21,0,Good,True,False,False
1,70712,69386,21,1,Good,False,True,False
0,32900,118899,5,0,Good,False,False,True
0,14326,101996,4,1,Risky,False,True,False
1,43865,173276,17,1,Good,False,True,False
0,29046,183946,11,0,Risky,False,False,True
0,95088,98378,3,1,Good,False,False,True
1,38586,125450,13,1,Good,False,True,False
0,30468,130680,5,0,Good,False,True,False
0,42254,183682,20,0,Good,False,False,True
0,32467,126488,1,1,Good,False,False,True
1,68404,58942,20,0,Good,True,False,False
1,58451,112584,25,0,Good,False,True,False
1,86208,55591,0,1,Good,False,True,False
0,62426,44251,17,1,Good,False,False,True
0,63710,117364,11,0,Good,True,False,False
0,25062,114823,11,0,Risky,False,True,False
1,56438,74136,12,1,Good,False,False,True
0,17783,33184,1,0,Risky,True,False,False
0,92426,167403,7,1,Good,False,False,True
1,64667,59590,29,0,Good,False,True,False
1,32483,129276,22,0,Good,True,False,False
0,15673,188383,22,1,Risky,True,False,False
0,77511,63420,10,0,Good,False,False,True
1,76182,113724,6,0,Good,True,False,False
1,89831,77102,1,1,Good,False,False,True
1,12072,174196,21,1,Risky,False,True,False
0,81231,196816,14,0,Good,False,False,True
1,48169,193003,30,1,Good,False,True,False
1,31699,62475,26,1,Good,False,False,True
1,15710,76406,1,1,Risky,False,False,True
0,31645,43899,21,1,Good,True,False,False
1,98933,74074,2,0,Good,False,False,True
1,52912,40089,10,0,Good,False,True,False
1,68756,167600,26,0,Good,True,False,False
0,41087,36924,15,0,Good,False,True,False
0,46798,119904,21,1,Good,False,False,True
1,34475,197916,7,0,Good,False,False,True
0,98334,74052,30,0,Good,False,True,False
1,10900,39797,11,0,Risky,False,True,False
1,61445,97109,27,0,Good,True,False,False
1,78796,189061,13,1,Good,True,False,False
1,62141,106757,23,1,Good,True,False,False
0,90945,161265,29,1,Good,False,False,True
1,88918,185099,12,0,Good,True,False,False
0,62873,31819,25,0,Good,True,False,False
1,70949,183445,30,0,Good,False,True,False
1,31521,123761,20,1,Good,False,False,True
1,59615,189435,22,1,Good,True,False,False
0,52111,50013,19,0,Good,False,True,False
1,34598,31641,18,0,Good,False,False,True
1,61124,124848,2,0,Good,False,False,True
0,59689,85255,4,0,Good,False,False,True
1,23075,176278,19,0,Risky,True,False,False
0,48192,70323,25,0,Good,False,True,False
1,77367,116745,23,0,Good,False,True,False
0,82625,121324,14,1,Good,True,False,False
1,51802,153308,24,1,Good,True,False,False
1,78922,78897,11,1,Good,False,False,True
0,38670,84215,6,1,Good,False,False,True
0,48392,160932,24,1,Good,True,False,False
1,47425,165175,13,0,Good,False,True,False
1,73906,171288,15,0,Good,False,False,True
0,94013,25779,16,1,Good,False,False,True
1,27698,165001,19,1,Risky,True,False,False
1,26793,162777,7,0,Risky,False,True,False
0,67033,93414,12,1,Good,True,False,False
0,20109,39360,10,0,Risky,False,False,True
0,95185,43176,29,0,Good,False,True,False
1,27684,60999,15,1,Risky,False,True,False
1,98240,84132,1,0,Good,True,False,False
1,18032,44775,13,1,Risky,False,False,True
0,46470,118274,13,1,Good,False,False,True
1,33301,140998,15,0,Good,False,True,False
0,62800,73146,5,0,Good,False,True,False
1,27520,73490,7,0,Risky,False,True,False
1,26094,111264,23,0,Risky,True,False,False
1,13571,110940,10,0,Risky,False,False,True
1,36239,54437,21,1,Good,False,True,False
0,77082,83900,8,1,Good,False,True,False
1,71572,31097,7,1,Good,False,True,False
1,30495,161143,17,0,Good,True,False,False
0,49771,192313,5,1,Good,False,True,False
1,32905,118798,6,0,Good,True,False,False
0,21337,134635,30,1,Risky,False,False,True
0,16082,80991,0,1,Risky,False,True,False
1,43883,42269,2,0,Good,False,False,True
1,15491,72255,30,1,Risky,True,False,False
0,48081,89949,25,0,Good,False,True,False
1,36317,114922,12,0,Good,False,True,False
0,15627,72115,16,1,Risky,True,False,False
1,51028,141622,29,0,Good,False,True,False
1,14422,176891,27,1,Risky,False,True,False
1,45525,56488,17,0,Good,False,False,True
0,23480,46480,27,0,Risky,False,True,False
0,19184,84034,28,0,Risky,False,True,False
1,80239,96432,24,1,Good,False,False,True
1,33215,157299,11,0,Good,False,False,True
1,65203,107937,5,1,Good,False,False,True
1,65190,62671,20,0,Good,True,False,False
1,16320,75552,17,1,Risky,True,False,False
1,21696,52584,7,1,Risky,False,False,True
1,56129,62943,17,0,Good,False,True,False
0,74971,134321,10,1,Good,True,False,False
1,33356,131469,30,0,Good,False,True,False
1,29607,95404,24,1,Risky,False,True,False
1,95319,128428,14,0,Good,True,False,False
0,94413,89122,28,0,Good,False,True,False
0,78963,86119,5,1,Good,True,False,False
1,66865,75580,5,0,Good,False,False,True
1,40427,168473,9,0,Good,False,True,False
0,93733,175719,21,1,Good,False,True,False
1,63543,147614,9,1,Good,True,False,False
0,41184,130935,2,0,Good,False,True,False
0,96652,188067,26,0,Good,True,False,False
1,56555,103490,30,0,Good,False,False,True
1,36457,152471,6,0,Good,True,False,False
0,26101,112774,13,0,Risky,False,False,True
1,36156,197699,2,0,Good,False,True,False
0,49958,61920,4,0,Good,False,False,True
1,68696,139269,29,0,Good,True,False,False
1,97453,148246,5,1,Good,False,True,False
1,68533,147346,25,0,Good,False,True,False
0,96438,140132,27,0,Good,False,False,True
0,50348,140642,27,1,Good,False,False,True
1,85016,56597,9,1,Good,False,False,True
1,73188,151636,4,1,Good,True,False,False
1,64225,183187,5,1,Good,False,False,True
1,64437,57324,17,0,Good,False,False,True
0,66330,29934,1,0,Good,False,True,False
1,26372,37776,15,0,Risky,True,False,False
0,30714,68687,30,1,Good,False,True,False
0,84263,64990,21,1,Good,True,False,False
1,86531,183094,5,0,Good,False,False,True
1,93090,176330,21,0,Good,False,False,True
0,79373,91689,14,1,Good,False,True,False
0,17440,64070,2,1,Risky,False,True,False
0,81536,74497,21,0,Good,False,False,True
1,62494,197421,16,0,Good,False,True,False
0,37580,73065,20,0,Good,False,True,False
1,60822,105376,11,0,Good,True,False,False
0,96032,130912,27,1,Good,True,False,False
1,91545,34334,21,1,Good,True,False,False
0,73313,140266,28,0,Good,True,False,False
0,54345,107688,2,0,Good,False,True,False
0,33138,52144,6,0,Good,False,False,True
1,33579,77059,22,0,Good,True,False,False
0,83094,163058,1,0,Good,False,False,True
0,90065,41152,27,0,Good,True,False,False
0,51913,46253,19,0,Good,False,True,False
1,81378,28446,11,0,Good,False,False,True
1,32236,112890,11,1,Good,False,False,True
0,97980,27300,1,1,Good,True,False,False
0,38626,131493,21,0,Good,True,False,False
0,64230,33982,30,0,Good,False,False,True
0,38183,76625,2,0,Good,True,False,False
1,89277,104183,18,0,Good,True,False,False
0,68269,138074,20,0,Good,False,True,False
0,58751,84473,2,0,Good,True,False,False
1,88720,135185,13,0,Good,False,False,True
0,99311,191983,14,1,Good,True,False,False
0,94528,80249,19,1,Good,False,True,False
1,72268,94199,0,1,Good,False,True,False
1,79593,121506,27,0,Good,True,False,False
1,94247,50373,25,1,Good,True,False,False
0,76700,99025,10,0,Good,True,False,False
1,12011,128266,24,1,Risky,False,True,False
0,87935,153748,30,1,Good,False,False,True
1,98720,161215,8,0,Good,False,True,False
0,38638,168360,25,1,Good,False,False,True
0,37857,157217,11,1,Good,False,True,False
0,15532,129265,14,1,Risky,False,True,False
1,22159,87188,19,1,Risky,False,False,True
0,91547,111774,4,1,Good,True,False,False
0,98738,158057,4,1,Good,True,False,False
1,21966,117250,20,1,Risky,False,True,False
0,14398,74697,14,0,Risky,False,False,True
1,18572,48956,8,0,Risky,True,False,False
0,77312,170407,13,1,Good,False,False,True
0,42074,70314,24,0,Good,True,False,False
1,82799,193775,27,0,Good,False,False,True
1,12659,189209,9,0,Risky,False,False,True
1,19649,36956,14,0,Risky,False,False,True
0,50119,128451,12,0,Good,True,False,False
0,18888,65708,28,0,Risky,False,False,True
0,83061,166606,5,1,Good,False,True,False
1,39343,114597,28,1,Good,False,False,True
0,92007,27875,11,0,Good,False,True,False
1,78728,91936,8,1,Good,True,False,False
1,48640,108262,10,1,Good,True,False,False
0,92070,42620,10,0,Good,False,False,True
1,97341,41504,26,0,Good,False,False,True
0,97493,29602,15,1,Good,False,True,False
0,78400,65533,23,1,Good,False,True,False
0,52862,53788,23,1,Good,False,False,True
0,11804,36055,24,1,Risky,False,True,False
1,10455,110892,18,1,Risky,False,False,True
1,25766,125407,21,0,Risky,True,False,False
0,58199,54701,10,1,Good,True,False,False
0,88613,163901,6,1,Good,False,False,True
0,16690,149327,17,0,Risky,True,False,False
0,71164,40460,3,1,Good,True,False,False
0,48825,143349,16,1,Good,False,True,False
0,29236,116282,21,0,Risky,True,False,False
0,59689,186013,16,0,Good,False,True,False
1,48940,106946,20,1,Good,True,False,False
1,64320,38814,18,1,Good,True,False,False
1,84845,65487,13,1,Good,False,False,True
1,52663,148686,26,0,Good,False,True,False
0,17957,192410,21,1,Risky,False,False,True
0,69018,151963,11,1,Good,False,True,False
1,58496,147367,16,1,Good,False,False,True
1,99128,80729,0,0,Good,True,False,False
0,35868,36081,12,1,Good,False,False,True
0,79478,183057,7,1,Good,False,False,True
1,57402,158849,29,0,Good,True,False,False
0,73795,65242,6,0,Good,True,False,False
1,58403,68995,21,0,Good,False,True,False
0,85972,72252,26,1,Good,True,False,False
1,62998,120012,13,0,Good,False,False,True
0,32786,125771,12,0,Good,False,False,True
0,17962,100961,10,0,Risky,False,False,True
1,59440,114646,28,1,Good,False,True,False
0,94772,52766,23,0,Good,False,False,True
1,80083,57230,29,1,Good,False,False,True
1,81026,83402,13,1,Good,False,False,True
1,86883,76718,10,1,Good,False,False,True
1,39444,148821,6,0,Good,False,True,False
0,35886,120996,24,0,Good,False,True,False
0,24541,82029,10,0,Risky,True,False,False
1,54502,98123,18,1,Good,False,False,True
0,17183,103226,29,0,Risky,False,True,False
0,39562,197045,13,1,Good,False,False,True
0,70157,59156,24,0,Good,False,True,False
1,72151,59382,5,1,Good,True,False,False
0,65170,100331,3,0,Good,False,False,True
1,67936,164924,24,1,Good,False,False,True
1,93339,48744,2,1,Good,False,False,True
1,57365,158780,11,1,Good,False,False,True
0,56628,55842,4,1,Good,True,False,False
0,83814,53240,1,1,Good,False,True,False
1,75324,81550,17,1,Good,False,True,False
0,46939,198571,19,1,Good,True,False,False
0,71428,74910,15,1,Good,True,False,False
0,23884,111105,8,1,Risky,False,False,True
1,95145,101272,24,1,Good,False,False,True
0,46002,195357,19,0,Good,False,False,True
0,20309,65531,27,1,Risky,False,True,False
1,72115,75436,14,1,Good,False,True,False
0,42769,153233,5,1,Good,False,True,False
1,91870,137948,22,1,Good,False,False,True
0,55308,140400,10,0,Good,True,False,False
0,60789,31380,6,0,Good,True,False,False
0,51363,87868,13,0,Good,True,False,False
1,99239,76337,18,1,Good,False,False,True
0,19272,195078,26,0,Risky,False,False,True
1,44411,112591,26,1,Good,False,False,True
1,60915,162102,25,1,Good,False,False,True
0,98433,142426,8,1,Good,True,False,False
0,81867,51104,15,0,Good,True,False,False
0,43980,103343,10,0,Good,True,False,False
0,50286,42198,12,0,Good,True,False,False
1,29385,164391,27,0,Risky,False,True,False
1,47565,75307,23,0,Good,False,False,True
0,26494,82565,12,0,Risky,True,False,False
0,59243,180274,27,0,Good,False,True,False
0,91488,172612,10,0,Good,False,True,False
0,33116,83388,14,0,Good,True,False,False
1,93364,194421,17,1,Good,True,False,False
1,70743,124440,14,1,Good,False,True,False
1,34007,98662,16,0,Good,True,False,False
0,26128,54113,19,1,Risky,True,False,False
1,33748,91567,13,1,Good,False,True,False
0,38896,189851,3,0,Good,False,True,False
0,40674,157025,14,0,Good,False,False,True
1,97111,100651,6,0,Good,False,False,True
0,54850,119976,12,0,Good,False,True,False
1,32948,57390,8,0,Good,True,False,False
1,12682,110308,22,0,Risky,False,False,True
1,12453,191874,30,1,Risky,True,False,False
1,34655,199778,27,0,Good,False,True,False
0,59351,130816,13,0,Good,False,False,True
0,29916,133877,21,1,Risky,False,False,True
1,36532,109079,8,0,Good,True,False,False
0,94583,59091,6,0,Good,False,True,False
1,92819,42690,25,1,Good,False,False,True
1,76535,154393,9,1,Good,True,False,False
0,91220,74058,11,1,Good,False,True,False
0,71238,68160,2,1,Good,False,True,False
1,32356,123082,0,1,Good,False,True,False
0,89094,109191,5,1,Good,False,False,True
0,91462,26884,13,1,Good,False,False,True
0,75585,147788,27,0,Good,True,False,False
0,31629,53848,10,0,Good,False,False,True
0,42063,34242,12,0,Good,False,False,True
1,12810,157421,10,0,Risky,False,True,False
0,85570,191139,12,1,Good,True,False,False
1,72026,180424,26,0,Good,True,False,False
0,90444,182562,24,0,Good,True,False,False
0,50403,36861,29,1,Good,False,True,False
1,78867,100064,12,0,Good,True,False,False
1,95920,116495,6,1,Good,False,True,False
1,41545,30098,11,1,Good,False,True,False
0,63912,31064,28,0,Good,True,False,False
0,92498,33460,28,0,Good,False,True,False
1,16316,129912,30,0,Risky,False,False,True
0,68617,150036,22,1,Good,False,False,True
1,59860,38074,12,1,Good,False,False,True
0,55981,161629,29,1,Good,False,False,True
0,34833,95421,7,1,Good,False,False,True
1,39818,148068,13,0,Good,False,True,False
1,59227,116161,20,0,Good,False,True,False
1,44809,28768,29,1,Good,True,False,False
0,10735,95975,13,1,Risky,True,False,False
1,50242,79653,15,1,Good,False,True,False
1,56166,52940,5,1,Good,False,True,False
0,42483,185339,6,0,Good,True,False,False
1,70572,125112,7,1,Good,False,False,True
1,31721,123335,1,1,Good,True,False,False
1,31085,57473,10,1,Good,True,False,False
1,84931,32907,12,1,Good,False,True,False
0,69036,28874,19,0,Good,False,True,False
0,42679,155684,4,1,Good,True,False,False
0,84557,137622,2,1,Good,False,False,True
1,54126,106230,30,0,Good,False,False,True
0,87685,154677,26,1,Good,False,False,True
1,85076,93242,27,1,Good,False,True,False
1,31633,30774,10,0,Good,False,True,False
0,43018,85195,14,1,Good,False,True,False
1,27394,132859,18,1,Risky,False,False,True
1,68152,75143,16,0,Good,False,False,True
0,84775,131963,10,1,Good,True,False,False
0,47364,97526,9,1,Good,False,True,False
1,76340,39492,7,1,Good,True,False,False
1,69967,55369,2,1,Good,True,False,False
0,47334,154058,0,1,Good,True,False,False
1,98592,180083,17,0,Good,False,True,False
0,96519,158137,16,0,Good,True,False,False
